Workbook
Name _Hlk201907063: #REF!

Sheet Resumen de procesos
A1: 0.425 | B1: 46062 | C1: SEMANA DEL 09/02/2026 AL 13/02/2026
B2: Proceso: | C2: Objeto del proceso: | D2: Estado del Proceso | E2: Próximo Evento | F2: Siglas del Proyecto
A3: CLP | B3: CLP/026/2025 | C3: ='CLP 026_2025'!C4 -> Contratación de Servicios de provisión e instalación de góndolas y mobiliarios incluyendo las obras y adecuaciones para la reubicación de los locales comerciales en el Centro Cultural del Puerto de Asunción. | D3: ='CLP 026_2025'!C5 -> Desierto | E3: ='CLP 026_2025'!H5 -> RDE | F3: {='CLP 026_2025'!G3:J3} -> SECRETARIA NACIONAL DE CULTURA | G3: 0 | H3: 0 | I3: 0
A4: CLP | B4: CLP/027/2025 | C4: ='CLP 027_2025'!C4 -> Adquisición de mobiliarios didácticos para equipamiento de Bibliobuses | D4: ='CLP 027_2025'!C5 -> Evaluación Formal/Técnica (Sobre 2) | E4: ='CLP 027_2025'!H5 -> APERTURA 2 - Económica | F4: ='CLP 027_2025'!G3 -> MINNA Equipamientos
A5: CLP | B5: CLP/028/2025 | C5: ='CLP 028_2025'!C4 -> Adquisición de materiales recreativos y juguetes para el equipamiento de los Bibliobuses. | D5: ='CLP 028_2025'!C5 -> Publicado | E5: ='CLP 028_2025'!H5 -> APERTURA 1 - SUSTANCIAL / FORMAL | F5: ='CLP 028_2025'!G3 -> MINNA Equipamientos
A6: CLP | B6: CLP/029/2025 | C6: ='CLP 029_2025'!C4 -> Adquisición de libros didácticos para equipamiento de Bibliobuses en el marco del Proyecto | D6: ='CLP 029_2025'!C5 -> Evaluación Formal/Técnica (Sobre 2) | E6: ='CLP 029_2025'!H5 -> APERTURA 2 - Económica | F6: ='CLP 029_2025'!G3 -> MINNA Equipamientos
A7: CLP | B7: CLP/001/2026 | C7: ='CLP 001_2026'!C4 -> Adquisición de materiales de jardinería para los Centros de Atención Integral (CAIPIS) | D7: ='CLP 001_2026'!C5 -> Publicado | E7: ='CLP 001_2026'!H5 -> APERTURA 1 - SUSTANCIAL / FORMAL | F7: ='CLP 001_2026'!G3 -> MINNA Equipamientos
A8: CLP | B8: CLP/002/2026 | C8: ='CLP 002_2026'!C4 -> Adquisición de utensilios de cocina para los Centros de Atención Integral (CAIPIS) | D8: ='CLP 002_2026'!C5 -> Publicado | E8: ='CLP 002_2026'!H5 -> APERTURA 1 - SUSTANCIAL / FORMAL | F8: ='CLP 002_2026'!G3 -> MINNA Equipamientos
A9: CPP | B9: CPP 035/2025 | C9: ='CPP 035 2025'!C4 -> Adquisición de equipos para criminalística a ser utilizados por la Policía Nacional | D9: ='CPP 035 2025'!C5 -> Adjudicado | E9: ='CPP 035 2025'!H5 -> RDE | F9: ='CPP 035 2025'!F3 -> Policía Nacional
A10: CPP | B10: CPP 036/2025 | C10: ='CPP 036 2025'!C4 -> Contratación de servicios de fiscalización de la elaboración del proyecto ejecutivo y fiscalización de la ejecución de obras civiles para 2 Centros Educativos en los Departamentos Paraguarí e Itapúa | D10: ='CPP 036 2025'!C5 -> Adjudicado | E10: ='CPP 036 2025'!H5 -> RDE | F10: ='CPP 036 2025'!F3 -> MOPC - CENTROS EDUCATIVOS
A11: CPP | B11: CPP 037/2025 | C11: ='CPP 037_2025'!C4 -> Contratación de servicios de provisión e instalación del Sistema de Combate contra Incendio para los Centros de Atención Integral a la Primera Infancia del Territorio Nacional (CAIPI) | D11: ='CPP 037_2025'!C5 -> Publicado | E11: ='CPP 037_2025'!H5 -> APERTURA 1 - SUSTANCIAL / FORMAL | F11: ='CPP 037_2025'!F3 -> MINNA OBRAS
A12: CPP | B12: CPP 001/2026 | C12: ='CPP 001_2026'!C4 -> Adquisición de equipos informáticos y equipamiento para los Centros de Atención Integral (CAIPIS) | D12: ='CPP 001_2026'!C5 -> Publicado | E12: ='CPP 001_2026'!H5 -> APERTURA 1 - SUSTANCIAL / FORMAL | F12: ='CPP 001_2026'!F3 -> MINNA Equipamientos
A13: CPP | B13: CPP 002/2026 | C13: ='CPP 002_2026'!C4 -> Adquisición de Electrodomésticos para los Centros de Atención Integral (CAIPIS), | D13: ='CPP 002_2026'!C5 -> Publicado | E13: ='CPP 002_2026'!H5 -> APERTURA 1 - SUSTANCIAL / FORMAL | F13: ='CPP 002_2026'!F3 -> MINNA Equipamientos
A14: CPP | B14: CPP 003/2026 | C14: ='CPP 003_2026'!C4 -> Adquisición de libros didácticos para los Centros de Atención Integral (CAIPIS) | D14: ='CPP 003_2026'!C5 -> Publicado | E14: ='CPP 003_2026'!H5 -> APERTURA 1 - SUSTANCIAL / FORMAL | F14: ='CPP 003_2026'!F3 -> MINNA Equipamientos
A15: CPP | B15: CPP 004/2026 | C15: ='CPP 004_2026'!C4 -> Adquisición de parques infantiles para los Centros de Atención Integral (CAIPIS). | D15: ='CPP 004_2026'!C5 -> Publicado | E15: ='CPP 004_2026'!H5 -> APERTURA 1 - SUSTANCIAL / FORMAL | F15: ='CPP 004_2026'!G3 -> MINNA Equipamientos
A16: CPP | B16: CPP 005/2026 | C16: ='CPP 005_2026'!C4 -> Adquisición de Utensilios, accesorios de aula, elementos institucionales e insumos médicos para los Centros de Atención Integral (CAIPIS) | D16: ='CPP 005_2026'!C5 -> Publicado | E16: ='CPP 005_2026'!H5 -> APERTURA 1 - SUSTANCIAL / FORMAL | F16: ='CPP 005_2026'!G3 -> MINNA Equipamientos
A17: CPP | B17: CPP 006/2026 | C17: ='CPP 006_2026'!C4 -> Adquisición de mobiliarios didácticos para los Centros de Atención Integral (CAIPIS) | D17: ='CPP 006_2026'!C5 -> Publicado | E17: ='CPP 006_2026'!H5 -> APERTURA 1 - SUSTANCIAL / FORMAL | F17: ='CPP 006_2026'!G3 -> MINNA Equipamientos
A18: CPP | B18: CPP 007/2026 | C18: ='CPP 007_2026'!C4 -> Adquisición de materiales recreativos y juguetes para los Centros de Atención Integral (CAIPIS) | D18: ='CPP 007_2026'!C5 -> Publicado | E18: ='CPP 007_2026'!H5 -> APERTURA 1 - SUSTANCIAL / FORMAL | F18: ='CPP 007_2026'!G3 -> MINNA Equipamientos

Sheet CLP 002_2026
B1: PROCESOS DE COMPRAS FPTI PY:
B3: CLP/002/2026 | G3: MINNA Equipamientos
B4: Objeto del proceso: | C4: Adquisición de utensilios de cocina para los Centros de Atención Integral (CAIPIS)
B5: Estado del Proceso: | C5: Publicado | G5: Fecha próximo evento: | H5: =B10 -> APERTURA 1 - SUSTANCIAL / FORMAL | J5: 46059
B7: PRECIO REFERENCIAL/SOLPED | G7: Precio Máximo (+ 30%)
B8: Precio referencial c/ : | G8: Precio Máximo (+ 30%) | J8: =C8*1.3 -> 0
B10: APERTURA 1 - SUSTANCIAL / FORMAL | G10: APERTURA 2 - Económica
B11: Participantes | C11: Evaluación Sustancial (Sobre 1) | D11: Evaluación Formal/Técnica (Sobre 2) | F11: Clasificó próxima etapa | G11: Evaluación oferta económica (Sobre 3)
C12: Cumple | D12: Cumple | G12: Oferta Presentada
B16: Observaciones:
B18: Leyenda de colores: | C18: Habilitado | F18: Descalificado | G18: Dentro de Rango | H18: Adjudicado | I18: Fuera de rango 30%

Sheet CLP 001_2026
B1: PROCESOS DE COMPRAS FPTI PY:
B3: CLP/001/2026 | G3: MINNA Equipamientos
B4: Objeto del proceso: | C4: Adquisición de materiales de jardinería para los Centros de Atención Integral (CAIPIS)
B5: Estado del Proceso: | C5: Publicado | G5: Fecha próximo evento: | H5: =B10 -> APERTURA 1 - SUSTANCIAL / FORMAL | J5: 46059
B7: PRECIO REFERENCIAL/SOLPED | G7: Precio Máximo (+ 30%)
B8: Precio referencial c/ : | G8: Precio Máximo (+ 30%) | J8: =C8*1.3 -> 0
B10: APERTURA 1 - SUSTANCIAL / FORMAL | G10: APERTURA 2 - Económica
B11: Participantes | C11: Evaluación Sustancial (Sobre 1) | D11: Evaluación Formal/Técnica (Sobre 2) | F11: Clasificó próxima etapa | G11: Evaluación oferta económica (Sobre 3)
C12: Cumple | D12: Cumple | G12: Oferta Presentada
B16: Observaciones:
B18: Leyenda de colores: | C18: Habilitado | F18: Descalificado | G18: Dentro de Rango | H18: Adjudicado | I18: Fuera de rango 30%

Sheet CLP 029_2025
B1: PROCESOS DE COMPRAS FPTI PY:
B3: CLP/029/2025 | G3: MINNA Equipamientos
B4: Objeto del proceso: | C4: Adquisición de libros didácticos para equipamiento de Bibliobuses en el marco del Proyecto
B5: Estado del Proceso: | C5: =D11 -> Evaluación Formal/Técnica (Sobre 2) | G5: Fecha próximo evento: | H5: =G10 -> APERTURA 2 - Económica | J5: 45706
B7: PRECIO REFERENCIAL/SOLPED | G7: Precio Máximo (+ 30%)
B8: Precio referencial c/ : | G8: Precio Máximo (+ 30%) | J8: =C8*1.3 -> 0
B10: APERTURA 1 - SUSTANCIAL / FORMAL | G10: APERTURA 2 - Económica
B11: Participantes | C11: Evaluación Sustancial (Sobre 1) | D11: Evaluación Formal/Técnica (Sobre 2) | F11: Clasificó próxima etapa | G11: Evaluación oferta económica (Sobre 3)
C12: Cumple | D12: Cumple | G12: Oferta Presentada
B13: 1. Librería Intercontinental Editora Impresora S.A. | C13: Sí
B14: 2. Editorial en Alianza S.A. | C14: Sí
B15: 3. Editorial Occidente S.R.L. | C15: No
B16: 4. Atlas Representaciones S.A. | C16: Sí
B18: Observaciones: | C18: La Editorial Occidente S.R.L. el firmante de la oferta no se encuentra facultada, según las documentaciones evaluadas, de firmar individualmente .
B20: Leyenda de colores: | C20: Habilitado | F20: Descalificado | G20: Dentro de Rango | H20: Adjudicado | I20: Fuera de rango 30%

Sheet CLP 028_2025
B1: PROCESOS DE COMPRAS FPTI PY:
B3: CLP/028/2025 | G3: MINNA Equipamientos
B4: Objeto del proceso: | C4: Adquisición de materiales recreativos y juguetes para el equipamiento de los Bibliobuses.
B5: Estado del Proceso: | C5: Publicado | G5: Fecha próximo evento: | H5: =B10 -> APERTURA 1 - SUSTANCIAL / FORMAL | J5: 46058
B7: PRECIO REFERENCIAL/SOLPED | G7: Precio Máximo (+ 30%)
B8: Precio referencial c/ : | G8: Precio Máximo (+ 30%) | J8: =C8*1.3 -> 0
B10: APERTURA 1 - SUSTANCIAL / FORMAL | G10: APERTURA 2 - Económica
B11: Participantes | C11: Evaluación Sustancial (Sobre 1) | D11: Evaluación Formal/Técnica (Sobre 2) | F11: Clasificó próxima etapa | G11: Evaluación oferta económica (Sobre 3)
C12: Cumple | D12: Cumple | G12: Oferta Presentada
B16: Observaciones:
B18: Leyenda de colores: | C18: Habilitado | F18: Descalificado | G18: Dentro de Rango | H18: Adjudicado | I18: Fuera de rango 30%

Sheet CLP 027_2025
B1: PROCESOS DE COMPRAS FPTI PY:
B3: CLP/027/2025 | G3: MINNA Equipamientos
B4: Objeto del proceso: | C4: Adquisición de mobiliarios didácticos para equipamiento de Bibliobuses
B5: Estado del Proceso: | C5: =D11 -> Evaluación Formal/Técnica (Sobre 2) | G5: Fecha próximo evento: | H5: =G10 -> APERTURA 2 - Económica | J5: 46070
B7: PRECIO REFERENCIAL/SOLPED | G7: Precio Máximo (+ 30%)
B8: Precio referencial c/ : | G8: Precio Máximo (+ 30%) | J8: =C8*1.3 -> 0
B10: APERTURA 1 - SUSTANCIAL / FORMAL | G10: APERTURA 2 - Económica
B11: Participantes | C11: Evaluación Sustancial (Sobre 1) | D11: Evaluación Formal/Técnica (Sobre 2) | F11: Clasificó próxima etapa | G11: Evaluación oferta económica (Sobre 3)
C12: Cumple | D12: Cumple | G12: Oferta Presentada
B13: Abracomaq S.R.L. | C13: Sí
B14: Mobiliarte Industrial y Comercial S.R.L. | C14: Sí
B15: Las Americas S.R.L. | C15: Sí
B17: Observaciones: | C17: En fecha 04/02/2026 fueron solicitadas documentaciones aclaratorias/complementarias a los tres oferentes. En fecha 06/02/2026 fue solicitado una segunda aclaratoria.
B19: Leyenda de colores: | C19: Habilitado | F19: Descalificado | G19: Dentro de Rango | H19: Adjudicado | I19: Fuera de rango 30%

Sheet CLP 026_2025
B1: PROCESOS DE COMPRAS FPTI PY:
B3: CLP/026/2025 | G3: SECRETARIA NACIONAL DE CULTURA
B4: Objeto del proceso: | C4: Contratación de Servicios de provisión e instalación de góndolas y mobiliarios incluyendo las obras y adecuaciones para la reubicación de los locales comerciales en el Centro Cultural del Puerto de Asunción.
B5: Estado del Proceso: | C5: Desierto | G5: Fecha próximo evento: | H5: RDE
B7: PRECIO REFERENCIAL/SOLPED | G7: Precio Máximo (+ 30%)
B8: Precio referencial c/ : | C8: 250000000 | G8: Precio Máximo (+ 30%) | J8: =C8*1.3 -> 325000000
B10: APERTURA 1 - SUSTANCIAL / FORMAL | G10: APERTURA 2 - Económica
B11: Participantes | C11: Evaluación Sustancial (Sobre 1) | D11: Evaluación Formal/Técnica (Sobre 2) | F11: Clasificó próxima etapa | G11: Evaluación oferta económica (Sobre 3)
C12: Cumple | D12: Cumple | G12: Oferta Presentada
B13: Técnicos Consultores S.A. (TECNICON S.A.) | C13: Sí | D13: No | F13: =F18 -> Descalificado
B16: Observaciones: | C16: La empresa presenta documentación inconsistente. Se evidencia posible subcontratación. La empresa no demuestra experiencia. Fue recomendado declara desierto este proceso
B18: Leyenda de colores: | C18: Habilitado | F18: Descalificado | G18: Dentro de Rango | H18: Adjudicado | I18: Fuera de rango 30%

Sheet CPP 007_2026
B1: PROCESOS DE COMPRAS FPTI PY: | C1: ='Resumen de procesos'!B1 -> 46062
A3: Proceso: | C3: CPP/FPTI-PY/007/2026 | G3: MINNA Equipamientos
A4: Objeto del proceso: | C4: Adquisición de materiales recreativos y juguetes para los Centros de Atención Integral (CAIPIS)
A5: Estado del Proceso: | C5: Publicado | G5: Fecha próximo evento: | H5: =B10 -> APERTURA 1 - SUSTANCIAL / FORMAL | J5: 46073
B7: PRECIO REFERENCIAL/SOLPED | G7: PRECIO MÁXIMO
B8: Precio referencial c/ IVA: | G8: Precio Máximo (+ 30%)
B10: APERTURA 1 - SUSTANCIAL / FORMAL | G10: APERTURA 2 - Económica
B11: Participantes | C11: Evaluación Sustancial (Sobre 1) | D11: Evaluación Formal/Técnica (Sobre 2) | F11: Clasificó próxima etapa | G11: Evaluación oferta económica (Sobre 3)
C12: Cumple | D12: Cumple | G12: Oferta Presentada
A15: 1
A16: 2
A17: 3
A18: 4
A19: 5
A20: 6
B22: Observaciones:
B24: Leyenda de colores: | F24: Descalificado | G24: Dentro de Rango | H24: Adjudicado | I24: Fuera de rango 30%

Sheet CPP 006_2026
B1: PROCESOS DE COMPRAS FPTI PY: | C1: ='Resumen de procesos'!B1 -> 46062
A3: Proceso: | C3: CPP/FPTI-PY/006/2026 | G3: MINNA Equipamientos
A4: Objeto del proceso: | C4: Adquisición de mobiliarios didácticos para los Centros de Atención Integral (CAIPIS)
A5: Estado del Proceso: | C5: Publicado | G5: Fecha próximo evento: | H5: =B10 -> APERTURA 1 - SUSTANCIAL / FORMAL | J5: 46073
B7: PRECIO REFERENCIAL/SOLPED | G7: PRECIO MÁXIMO
B8: Precio referencial c/ IVA: | G8: Precio Máximo (+ 30%)
B10: APERTURA 1 - SUSTANCIAL / FORMAL | G10: APERTURA 2 - Económica
B11: Participantes | C11: Evaluación Sustancial (Sobre 1) | D11: Evaluación Formal/Técnica (Sobre 2) | F11: Clasificó próxima etapa | G11: Evaluación oferta económica (Sobre 3)
C12: Cumple | D12: Cumple | G12: Oferta Presentada
A15: 1
A16: 2
A17: 3
A18: 4
A19: 5
A20: 6
B22: Observaciones:
B24: Leyenda de colores: | F24: Descalificado | G24: Dentro de Rango | H24: Adjudicado | I24: Fuera de rango 30%

Sheet CPP 005_2026
B1: PROCESOS DE COMPRAS FPTI PY: | C1: ='Resumen de procesos'!B1 -> 46062
A3: Proceso: | C3: CPP/FPTI-PY/005/2026 | G3: MINNA Equipamientos
A4: Objeto del proceso: | C4: Adquisición de Utensilios, accesorios de aula, elementos institucionales e insumos médicos para los Centros de Atención Integral (CAIPIS)
A5: Estado del Proceso: | C5: Publicado | G5: Fecha próximo evento: | H5: =B10 -> APERTURA 1 - SUSTANCIAL / FORMAL | J5: 46066
B7: PRECIO REFERENCIAL/SOLPED | G7: PRECIO MÁXIMO
B8: Precio referencial c/ IVA: | G8: Precio Máximo (+ 30%)
B10: APERTURA 1 - SUSTANCIAL / FORMAL | G10: APERTURA 2 - Económica
B11: Participantes | C11: Evaluación Sustancial (Sobre 1) | D11: Evaluación Formal/Técnica (Sobre 2) | F11: Clasificó próxima etapa | G11: Evaluación oferta económica (Sobre 3)
C12: Cumple | D12: Cumple | G12: Oferta Presentada
A15: 1
A16: 2
A17: 3
A18: 4
A19: 5
A20: 6
B22: Observaciones:
B24: Leyenda de colores: | F24: Descalificado | G24: Dentro de Rango | H24: Adjudicado | I24: Fuera de rango 30%

Sheet CPP 004_2026
B1: PROCESOS DE COMPRAS FPTI PY: | C1: ='Resumen de procesos'!B1 -> 46062
A3: Proceso: | C3: CPP/FPTI-PY/004/2026 | G3: MINNA Equipamientos
A4: Objeto del proceso: | C4: Adquisición de parques infantiles para los Centros de Atención Integral (CAIPIS).
A5: Estado del Proceso: | C5: Publicado | G5: Fecha próximo evento: | H5: =B10 -> APERTURA 1 - SUSTANCIAL / FORMAL | J5: 46066
B7: PRECIO REFERENCIAL/SOLPED | G7: PRECIO MÁXIMO
B8: Precio referencial c/ IVA: | G8: Precio Máximo (+ 30%)
B10: APERTURA 1 - SUSTANCIAL / FORMAL | G10: APERTURA 2 - Económica
B11: Participantes | C11: Evaluación Sustancial (Sobre 1) | D11: Evaluación Formal/Técnica (Sobre 2) | F11: Clasificó próxima etapa | G11: Evaluación oferta económica (Sobre 3)
C12: Cumple | D12: Cumple | G12: Oferta Presentada
A15: 1
A16: 2
A17: 3
A18: 4
A19: 5
A20: 6
B22: Observaciones:
B24: Leyenda de colores: | F24: Descalificado | G24: Dentro de Rango | H24: Adjudicado | I24: Fuera de rango 30%

Sheet CPP 003_2026
B1: PROCESOS DE COMPRAS FPTI PY: | C1: ='Resumen de procesos'!B1 -> 46062
A3: Proceso: | C3: CPP 003/2025 | F3: MINNA Equipamientos
A4: Objeto del proceso: | C4: Adquisición de libros didácticos para los Centros de Atención Integral (CAIPIS)
A5: Estado del Proceso: | C5: Publicado | G5: Fecha próximo evento: | H5: =B10 -> APERTURA 1 - SUSTANCIAL / FORMAL | I5: 46064
B7: PRECIO REFERENCIAL/SOLPED | G7: PRECIO MÁXIMO
B8: Precio referencial c/ IVA: | G8: Precio Máximo (+ 30%)
B10: APERTURA 1 - SUSTANCIAL / FORMAL | G10: APERTURA 2 - Económica
B11: Participantes | C11: Evaluación Sustancial (Sobre 1) | D11: Evaluación Formal/Técnica (Sobre 2) | F11: Clasificó próxima etapa | G11: Evaluación oferta económica (Sobre 3)
C12: Cumple | D12: Cumple | G12: Oferta Presentada
A15: 1
A16: 2
A17: 3
A18: 4
A19: 5
A20: 6
B22: Observaciones:
B24: Leyenda de colores: | F24: Descalificado | G24: Dentro de Rango | H24: Adjudicado | I24: Fuera de rango 30%

Sheet CPP 002_2026
B1: PROCESOS DE COMPRAS FPTI PY: | C1: ='Resumen de procesos'!B1 -> 46062
A3: Proceso: | C3: CPP 002/2026 | F3: MINNA Equipamientos
A4: Objeto del proceso: | C4: Adquisición de Electrodomésticos para los Centros de Atención Integral (CAIPIS),
A5: Estado del Proceso: | C5: Publicado | G5: Fecha próximo evento: | H5: =B10 -> APERTURA 1 - SUSTANCIAL / FORMAL | J5: 46064
B7: PRECIO REFERENCIAL/SOLPED | G7: PRECIO MÁXIMO
B8: Precio referencial c/ IVA: | G8: Precio Máximo (+ 30%)
B10: APERTURA 1 - SUSTANCIAL / FORMAL | G10: APERTURA 2 - Económica
B11: Participantes | C11: Evaluación Sustancial (Sobre 1) | D11: Evaluación Formal/Técnica (Sobre 2) | F11: Clasificó próxima etapa | G11: Evaluación oferta económica (Sobre 3)
C12: Cumple | D12: Cumple | G12: Oferta Presentada
A15: 1
A16: 2
A17: 3
A18: 4
A19: 5
A20: 6
B22: Observaciones:
B24: Leyenda de colores: | F24: Descalificado | G24: Dentro de Rango | H24: Adjudicado | I24: Fuera de rango 30%

Sheet CPP 001_2026
B1: PROCESOS DE COMPRAS FPTI PY: | C1: ='Resumen de procesos'!B1 -> 46062
A3: Proceso: | C3: CPP 001/2026 | F3: MINNA Equipamientos
A4: Objeto del proceso: | C4: Adquisición de equipos informáticos y equipamiento para los Centros de Atención Integral (CAIPIS)
A5: Estado del Proceso: | C5: Publicado | G5: Fecha próximo evento: | H5: =B10 -> APERTURA 1 - SUSTANCIAL / FORMAL | J5: 46063
B7: PRECIO REFERENCIAL/SOLPED | G7: PRECIO MÁXIMO
B8: Precio referencial c/ IVA: | G8: Precio Máximo (+ 30%)
B10: APERTURA 1 - SUSTANCIAL / FORMAL | G10: APERTURA 2 - Económica
B11: Participantes | C11: Evaluación Sustancial (Sobre 1) | D11: Evaluación Formal/Técnica (Sobre 2) | F11: Clasificó próxima etapa | G11: Evaluación oferta económica (Sobre 3)
C12: Cumple | D12: Cumple | G12: Oferta Presentada
A15: 1
A16: 2
A17: 3
A18: 4
A19: 5
A20: 6
B22: Observaciones:
B24: Leyenda de colores: | F24: Descalificado | G24: Dentro de Rango | H24: Adjudicado | I24: Fuera de rango 30%

Sheet CPP 037_2025
B1: PROCESOS DE COMPRAS FPTI PY: | C1: ='Resumen de procesos'!B1 -> 46062
A3: Proceso: | C3: CPP 037/2025 | F3: MINNA OBRAS
A4: Objeto del proceso: | C4: Contratación de servicios de provisión e instalación del Sistema de Combate contra Incendio para los Centros de Atención Integral a la Primera Infancia del Territorio Nacional (CAIPI)
A5: Estado del Proceso: | C5: Publicado | G5: Fecha próximo evento: | H5: =B10 -> APERTURA 1 - SUSTANCIAL / FORMAL | J5: 46063
B7: PRECIO REFERENCIAL/SOLPED | G7: PRECIO MÁXIMO
B8: Precio referencial c/ IVA: | D8: 6941520000 | G8: Precio Máximo (+ 30%) | J8: =D8*1.3 -> 9023976000
B10: APERTURA 1 - SUSTANCIAL / FORMAL | G10: APERTURA 2 - Económica
B11: Participantes | C11: Evaluación Sustancial (Sobre 1) | D11: Evaluación Formal/Técnica (Sobre 2) | F11: Clasificó próxima etapa | G11: Evaluación oferta económica (Sobre 3)
C12: Cumple | D12: Cumple | G12: Oferta Presentada
A15: 1
A16: 2
A17: 3
A18: 4
A19: 5
A20: 6
B22: Observaciones:
B24: Leyenda de colores: | F24: Descalificado | G24: Dentro de Rango | H24: Adjudicado | I24: Fuera de rango 30%

Sheet CPP 036 2025
B1: PROCESOS DE COMPRAS FPTI PY: | C1: ='Resumen de procesos'!B1 -> 46062
A3: Proceso: | C3: CPP 036/2025 | F3: MOPC - CENTROS EDUCATIVOS
A4: Objeto del proceso: | C4: Contratación de servicios de fiscalización de la elaboración del proyecto ejecutivo y fiscalización de la ejecución de obras civiles para 2 Centros Educativos en los Departamentos Paraguarí e Itapúa
A5: Estado del Proceso: | C5: =H21 -> Adjudicado | G5: Fecha próximo evento: | H5: RDE
B7: PRECIO REFERENCIAL/SOLPED | G7: PRECIO MÁXIMO
B8: Precio referencial c/ IVA: | D8: 1523275087 | G8: Precio Máximo (+ 30%) | J8: =D8*1.3 -> 1.9802576e+09
B10: APERTURA 1 - SUSTANCIAL / FORMAL | G10: APERTURA 2 - Económica
B11: Participantes | C11: Evaluación Sustancial (Sobre 1) | D11: Evaluación Formal/Técnica (Sobre 2) | F11: Clasificó próxima etapa | G11: Evaluación oferta económica (Sobre 3)
C12: Cumple | D12: Cumple | G12: Oferta Presentada
A15: 1 | B15: 1. Roberto Eliseo Vera Vierci (RVV Ingeniería) | C15: Sí | D15: Sí | F15: Sí | G15: 1310409498
A16: 2 | B16: 2. Consorcio 2 INN (Tecno Consulting Group S.A., Innovación y Excelencia S.A. (INEXSA) e Ingenieros Consultores de Estudio y proyecto S.A. (INTEC S.A.) | C16: Sí | D16: Sí | F16: Sí | G16: 1349162560
A17: 3 | B17: 3. CIA S.A. | C17: Sí | D17: Sí | F17: Sí | G17: 1210000000
B19: Observaciones: | C19: Se aguarda aclaratoria solicitada a la empresa CIA, que presentó la mejor oferta económica.
B21: Leyenda de colores: | F21: Descalificado | G21: Dentro de Rango | H21: Adjudicado | I21: Fuera de rango 30%

Sheet CPP 035 2025
B1: PROCESOS DE COMPRAS FPTI PY: | C1: ='Resumen de procesos'!B1 -> 46062
A3: Proceso: | C3: CPP 035/2025 | F3: Policía Nacional
A4: Objeto del proceso: | C4: Adquisición de equipos para criminalística a ser utilizados por la Policía Nacional
A5: Estado del Proceso: | C5: =H20 -> Adjudicado | G5: Fecha próximo evento: | H5: RDE
B7: PRECIO REFERENCIAL/SOLPED | G7: PRECIO MÁXIMO
B8: Precio referencial c/ IVA - ítem 10: | D8: 1030000000 | G8: Precio Máximo (+ 30%) ítem 10: | J8: =D8*1.3 -> 1339000000
B9: Precio referencial c/ IVA - Ítem 20: | D9: 640000000 | G9: Precio Máximo (+ 30%) ítem 20: | J9: =D9*1.3 -> 832000000
B10: APERTURA 1 - SUSTANCIAL / FORMAL | G10: APERTURA 2 - Económica
B11: Participantes | C11: Evaluación Sustancial (Sobre 1) | D11: Evaluación Formal/Técnica (Sobre 2) | F11: Clasificó próxima etapa | G11: Evaluación oferta económica (Sobre 3)
C12: Cumple | D12: Cumple | G12: Oferta Presentada
G14: ítem 10 | H14: ïtem 20
A15: 1 | B15: Grupo Horus S.A. | C15: Sí | D15: Sí | F15: Sí | G15: 999000000 | H15: No Cotiza
A16: 2 | B16: Winner S.R.L: | C16: Sí | D16: Sí | F16: Sí | G16: 1025000000 | H16: 639000000
B18: Observaciones: | C18: En fecha 27/01/2026, fue emitido el Acta Preliminar.
B20: Leyenda de colores: | F20: Descalificado | G20: Dentro de Rango | H20: Adjudicado | I20: Fuera de rango 30%
